<?xml version="1.0" encoding="UTF-8"?>
<metadata xml:lang="en"><Esri><CreaDate>20250204</CreaDate><CreaTime>07250700</CreaTime><ArcGISFormat>1.0</ArcGISFormat><SyncOnce>TRUE</SyncOnce><DataProperties><lineage><Process ToolSource="c:\program files\arcgis\pro\Resources\ArcToolbox\toolboxes\Conversion Tools.tbx\FeatureClassToFeatureClass" Date="20250204" Time="072507">FeatureClassToFeatureClass SBU04022035 "D:\Qidaya Work\14012025\03022025\SBU04022025" Sports_Business_Assets.shp # "OBJECTID "OBJECTID" true true false 4 Long 0 0,First,#,SBU04022035,SBU04022035.OBJECTID,-1,-1;District "District" true true false 50 Text 0 0,First,#,SBU04022035,SBU04022035.District,0,50;Name "Name" true true false 50 Text 0 0,First,#,SBU04022035,SBU04022035.Name,0,50;Shape_Leng "Shape_Leng" true true false 4 Long 0 0,First,#,SBU04022035,SBU04022035.Shape_Leng,-1,-1;Shape_Length "Shape_Length" false true true 8 Double 0 0,First,#,SBU04022035,SBU04022035.Shape_Length,-1,-1;Shape_Area "Shape_Area" false true true 8 Double 0 0,First,#,SBU04022035,SBU04022035.Shape_Area,-1,-1;OBJECTID_1 "OBJECTID" false true false 4 Long 0 9,First,#,SBU04022035,SBU.OBJECTID,-1,-1;ID "ID" true true false 4 Long 0 0,First,#,SBU04022035,SBU.ID,-1,-1;District_1 "District" true true false 8000 Text 0 0,First,#,SBU04022035,SBU.District,0,8000;Name_1 "Name" true true false 8000 Text 0 0,First,#,SBU04022035,SBU.Name,0,8000;Stage_Gate "Stage_Gate" true true false 4 Long 0 0,First,#,SBU04022035,SBU.Stage_Gate,-1,-1;Description "Description" true true false 8000 Text 0 0,First,#,SBU04022035,SBU.Description,0,8000;Precinct "Precinct" true true false 8000 Text 0 0,First,#,SBU04022035,SBU.Precinct,0,8000;Asset_ID "Asset_ID" true true false 8000 Text 0 0,First,#,SBU04022035,SBU.Asset_ID,0,8000;Start_Date "Start_Date" true true false 8 Date 0 0,First,#,SBU04022035,SBU.Start_Date,-1,-1;Finish_Date "Finish_Date" true true false 8 Date 0 0,First,#,SBU04022035,SBU.Finish_Date,-1,-1;Status "Status" true true false 8000 Text 0 0,First,#,SBU04022035,SBU.Status,0,8000" #</Process></lineage></DataProperties></Esri></metadata>
